﻿<?xml version='1.0' encoding='utf-8' ?>
<ExtensionImage xmlns="http://schemas.microsoft.com/windowsazure">
  <ProviderNameSpace>Microsoft.CPlat.Core</ProviderNameSpace>
  <Type>WindowsPatchExtension</Type>
  <Version>1.5.71</Version>
  <Label>Microsoft Azure VM Patch Extension for Windows Virtual Machines</Label>
  <HostingResources>VmRole</HostingResources>
  <MediaLink></MediaLink>
  <Description>Microsoft Azure VM Patch Extension for Windows Virtual Machines</Description>
  <IsInternalExtension>false</IsInternalExtension>
  <IsJsonExtension>true</IsJsonExtension>
  <SupportedOS>Windows</SupportedOS>
  <CompanyName>Microsoft</CompanyName>
  <!--%REGIONS%-->
</ExtensionImage>