[
  {
    "version": 1.0,
    "handlerEnvironment": {
      "logFolder":"C:\\Users\\jemal\\Desktop\\ExtensionResult\\log",
      "configFolder":"C:\\Users\\jemal\\Desktop\\ExtensionResult\\config",
      "statusFolder":"C:\\Users\\jemal\\Desktop\\ExtensionResult\\status",
      "heartbeatFile":"C:\\Users\\jemal\\Desktop\\ExtensionResult\\HeartBeat",
      "telemetryLogFolder":"C:\\Users\\jemal\\Desktop\\ExtensionResult\\telemetryLog",
      "deploymentid":"11",
      "rolename":"vmRoleName",
      "instance":"VmInstanceName"
    }
  }
] 